<?xml version="1.0" encoding="UTF-8"?>
<project-private xmlns="http://www.netbeans.org/ns/project-private/1">
    <editor-bookmarks xmlns="http://www.netbeans.org/ns/editor-bookmarks/2" lastBookmarkId="0"/>
    <open-files xmlns="http://www.netbeans.org/ns/projectui-open-files/2">
        <group>
            <file>file:/home/dany/NetBeansProjects/DiscoverV1/src/Discover/Game/Casillas/Tarjetas/Tarjeta.java</file>
            <file>file:/home/dany/NetBeansProjects/DiscoverV1/src/Discover/Game/Casillas/Tarjetas/PagoJugadores.java</file>
            <file>file:/home/dany/NetBeansProjects/DiscoverV1/src/Discover/Game/Casillas/Tarjetas/IrCarcel.java</file>
            <file>file:/home/dany/NetBeansProjects/DiscoverV1/src/Discover/Game/Casillas/Tarjetas/Personalizada.java</file>
            <file>file:/home/dany/NetBeansProjects/DiscoverV1/src/Discover/Game/Dado.java</file>
            <file>file:/home/dany/NetBeansProjects/DiscoverV1/src/Discover/Game/Casillas/Trampa.java</file>
            <file>file:/home/dany/NetBeansProjects/DiscoverV1/src/Discover/GUI/TipoJugador.java</file>
            <file>file:/home/dany/NetBeansProjects/DiscoverV1/src/Discover/Game/Casillas/Tarjetas/Caminar.java</file>
            <file>file:/home/dany/NetBeansProjects/DiscoverV1/src/Discover/GUI/Discover.java</file>
            <file>file:/home/dany/NetBeansProjects/DiscoverV1/src/Discover/Game/Casillas/Tarjetas/TipoTarjeta.java</file>
            <file>file:/home/dany/NetBeansProjects/DiscoverV1/src/Discover/GUI/TableroJuego.java</file>
            <file>file:/home/dany/NetBeansProjects/DiscoverV1/src/Discover/Game/Casillas/Tarjetas/Multa.java</file>
            <file>file:/home/dany/NetBeansProjects/DiscoverV1/src/Discover/Game/Casillas/Tarjetas/MoverCasilla.java</file>
            <file>file:/home/dany/NetBeansProjects/DiscoverV1/src/Discover/Game/Casillas/Tarjetas/PerderTurno.java</file>
            <file>file:/home/dany/NetBeansProjects/DiscoverV1/src/Discover/GUI/AcercaDeDiscover.java</file>
            <file>file:/home/dany/NetBeansProjects/DiscoverV1/src/Discover/Game/Casillas/TipoCasilla.java</file>
            <file>file:/home/dany/NetBeansProjects/DiscoverV1/src/Discover/Game/Casillas/Tarjetas/Premio.java</file>
            <file>file:/home/dany/NetBeansProjects/DiscoverV1/src/Discover/GUI/CrearCasilla.java</file>
            <file>file:/home/dany/NetBeansProjects/DiscoverV1/src/Discover/Game/Casillas/Casilla.java</file>
            <file>file:/home/dany/NetBeansProjects/DiscoverV1/src/Discover/Game/Casillas/Tarjetas/SalirCarcel.java</file>
            <file>file:/home/dany/NetBeansProjects/DiscoverV1/src/Discover/GUI/NuevoTablero.java</file>
            <file>file:/home/dany/NetBeansProjects/DiscoverV1/src/Discover/GUI/Menu.java</file>
            <file>file:/home/dany/NetBeansProjects/DiscoverV1/src/Discover/GUI/Jugador.java</file>
        </group>
    </open-files>
</project-private>
